reservation_id,parking_space_id,driver_id,charging_selected,booking_date,parking_start_time,parking_end_time,vehicle_plate_number,number_of_hours
43200000,800454,50441,YES,2022-10-14,10:42,15:42,QB91 AYA,5
43200001,800054,50321,YES,2021-10-12,04:48,08:48,BL49 LDK,4
43200002,800091,50504,YES,2021-04-05,06:33,11:33,HT20 HCV,5
43200003,800339,50088,NO,2021-06-21,10:25,16:25,RW01 GRG,6
43200004,800006,50394,YES,2021-06-09,04:55,09:55,HH98 LKX,5
43200005,800123,50317,NO,2022-03-16,08:41,09:41,LE82 YBF,1
43200006,800394,50294,YES,2022-08-14,09:30,11:30,OD94 TSX,2
43200007,800370,50467,YES,2022-01-03,03:03,08:03,WF18 VFZ,5
43200008,800182,50400,YES,2022-01-26,01:36,04:36,ZY49 PSN,3
43200009,800255,50108,NO,2023-02-24,02:38,07:38,DQ75 JVM,5
43200010,800208,50465,YES,2021-04-20,03:23,09:23,SS47 GKA,6
43200011,800486,50442,YES,2022-10-25,02:18,08:18,UW98 DCC,6
43200012,800332,50242,NO,2021-12-26,09:39,11:39,FQ48 HSI,2
43200013,800445,50512,NO,2022-09-30,02:32,04:32,UT65 WJZ,2
43200014,800109,50035,NO,2021-02-14,02:55,03:55,TL57 SSA,1
43200015,800292,50535,YES,2021-08-02,01:57,05:57,PZ16 VPV,4
43200016,800485,50237,YES,2021-07-10,07:44,08:44,KX96 WLI,1
43200017,800307,50560,NO,2021-11-10,04:43,08:43,ZO38 FWK,4
43200018,800388,50489,YES,2021-10-06,07:38,12:38,NY04 BEW,5
43200019,800031,50343,NO,2021-10-26,08:51,09:51,TM67 BNK,1
43200020,800432,50105,NO,2021-07-28,02:27,07:27,ZE91 PGY,5
43200021,800247,50493,YES,2022-07-08,06:15,11:15,AU25 FGS,5
43200022,800468,50179,YES,2021-05-05,04:57,06:57,YF65 OUK,2
43200023,800155,50222,NO,2021-08-24,06:09,08:09,GQ47 RUK,2
43200024,800352,50081,NO,2022-11-04,01:38,04:38,HC84 WMV,3
43200025,800383,50096,NO,2022-07-22,08:28,11:28,CT41 HYE,3
43200026,800277,50572,NO,2021-03-03,05:08,10:08,TE66 HMU,5
43200027,800426,50269,NO,2021-08-13,08:02,09:02,DK72 SSC,1
43200028,800234,50338,NO,2022-07-07,06:29,10:29,MM85 NMD,4
43200029,800250,50203,NO,2021-03-13,08:52,09:52,YN44 OUZ,1
43200030,800274,50386,NO,2022-01-02,04:00,06:00,ZX38 ZND,2
43200031,800118,50311,NO,2022-03-26,10:47,16:47,XL20 KYC,6
43200032,800379,50419,YES,2023-01-02,03:27,08:27,TQ03 FJW,5
43200033,800210,50436,NO,2022-06-05,04:17,10:17,AU34 EGX,6
43200034,800483,50413,NO,2021-07-17,06:48,12:48,CP18 VEC,6
43200035,800251,50126,NO,2022-03-11,06:58,11:58,ZV41 IUI,5
43200036,800321,50089,YES,2023-02-27,06:18,07:18,HW61 OGD,1
43200037,800106,50128,NO,2022-01-27,09:47,11:47,QU70 EXT,2
43200038,800424,50055,NO,2022-12-21,01:06,06:06,BD72 FBC,5
43200039,800202,50022,YES,2022-06-03,08:31,12:31,YX57 XSS,4
43200040,800421,50573,YES,2022-01-10,10:17,16:17,EY98 ZFT,6
43200041,800254,50124,YES,2022-07-31,03:30,07:30,QL45 MJX,4
43200042,800108,50391,YES,2022-11-12,05:12,10:12,DM25 OGZ,5
43200043,800063,50551,NO,2021-07-01,09:31,15:31,VU71 SEZ,6
43200044,800200,50047,YES,2021-11-10,08:32,11:32,AW66 WIK,3
43200045,800385,50177,NO,2022-11-12,06:49,09:49,UF78 YTV,3
43200046,800476,50533,NO,2021-04-26,03:00,07:00,JQ45 ZMS,4
43200047,800367,50563,YES,2023-01-25,01:27,05:27,XG18 KCX,4
43200048,800149,50109,YES,2022-06-08,02:31,06:31,GM78 STM,4
43200049,800198,50358,NO,2021-08-21,05:28,06:28,SO21 BSA,1
43200050,800425,50356,YES,2021-01-09,01:45,05:45,XL36 BBV,4
43200051,800052,50224,NO,2022-10-09,06:37,12:37,LR27 UZZ,6
43200052,800131,50016,YES,2022-02-18,08:57,11:57,PW12 FZB,3
43200053,800375,50423,NO,2021-10-18,07:46,12:46,RU58 ARD,5
43200054,800339,50208,YES,2021-01-15,06:49,09:49,DY02 JAM,3
43200055,800424,50099,YES,2022-04-20,07:10,08:10,LP97 BRV,1
43200056,800026,50077,YES,2021-01-10,03:16,07:16,BR19 KKS,4
43200057,800432,50187,YES,2021-11-20,09:48,15:48,PP29 KCB,6
43200058,800079,50274,YES,2021-02-19,10:24,13:24,RQ73 ZNX,3
43200059,800027,50251,YES,2022-03-12,03:25,04:25,QG09 KBD,1
43200060,800108,50394,NO,2021-06-04,04:08,05:08,VS26 RXJ,1
43200061,800081,50182,NO,2021-02-23,09:32,11:32,CO63 MIC,2
43200062,800290,50563,YES,2021-03-03,01:16,06:16,SI79 TUY,5
43200063,800447,50128,YES,2021-07-25,09:49,13:49,FZ14 AVN,4
43200064,800319,50313,YES,2021-10-19,06:23,12:23,BN55 JMT,6
43200065,800291,50288,NO,2021-05-23,04:06,07:06,XJ17 HSI,3
43200066,800445,50354,YES,2022-03-11,05:38,11:38,BR34 PAS,6
43200067,800207,50092,NO,2021-02-16,10:31,13:31,SX89 LJV,3
43200068,800188,50025,NO,2022-06-07,06:49,07:49,JI81 WTZ,1
43200069,800379,50555,NO,2022-03-17,09:00,14:00,PZ32 SXC,5
43200070,800248,50048,YES,2022-03-06,02:24,08:24,VN77 WBO,6
43200071,800323,50167,YES,2021-02-23,06:39,12:39,LZ65 RCU,6
43200072,800233,50379,YES,2022-12-05,07:40,09:40,AL59 KDV,2
43200073,800180,50297,NO,2021-07-09,02:44,07:44,RB93 KUJ,5
43200074,800296,50547,YES,2021-10-26,02:43,04:43,EY61 NHM,2
43200075,800219,50104,YES,2022-09-11,01:36,06:36,XD10 KNV,5
43200076,800399,50359,NO,2022-12-31,04:59,10:59,AO62 FKO,6
43200077,800169,50119,YES,2022-06-16,03:26,07:26,AT16 KJW,4
43200078,800240,50510,NO,2022-12-06,10:11,16:11,FG84 KVH,6
43200079,800301,50196,NO,2022-05-05,05:57,06:57,SH45 UTL,1
43200080,800155,50072,YES,2022-11-30,08:25,13:25,LB20 MJM,5
43200081,800140,50293,YES,2021-11-25,03:51,04:51,LF10 ALN,1
43200082,800049,50207,YES,2022-12-01,06:02,10:02,PV82 DBM,4
43200083,800350,50233,YES,2021-04-07,10:45,12:45,LB47 SCJ,2
43200084,800138,50318,NO,2022-11-06,02:34,04:34,JC18 XJE,2
43200085,800371,50502,YES,2022-04-21,01:03,04:03,AI12 MIZ,3
43200086,800464,50030,NO,2023-02-14,10:57,12:57,NU85 LEW,2
43200087,800324,50477,NO,2021-12-27,03:27,05:27,EA77 SIS,2
43200088,800089,50458,NO,2021-10-27,01:07,03:07,RK63 ASV,2
43200089,800176,50177,YES,2021-01-15,07:35,09:35,DL64 EOQ,2
43200090,800276,50201,NO,2021-11-30,06:20,09:20,UH92 WEI,3
43200091,800480,50257,NO,2022-08-19,02:11,05:11,EN71 MKF,3
43200092,800327,50079,YES,2021-01-21,08:35,11:35,WP45 FYV,3
43200093,800404,50080,NO,2021-12-06,08:41,11:41,KK49 GJZ,3
43200094,800331,50255,YES,2021-05-21,06:44,11:44,KE62 MDK,5
43200095,800214,50534,NO,2023-01-02,09:14,11:14,JX58 AKG,2
43200096,800215,50171,YES,2022-12-24,07:52,13:52,CK95 FYP,6
43200097,800192,50390,YES,2022-01-24,07:20,09:20,LK77 TGC,2
43200098,800208,50486,YES,2021-02-23,03:59,07:59,GL04 LWR,4
43200099,800283,50378,YES,2021-08-26,05:51,10:51,FT63 EJL,5
43200100,800034,50565,NO,2022-11-25,01:04,03:04,JJ20 SPB,2
43200101,800320,50085,YES,2021-03-23,04:24,10:24,LW77 BMU,6
43200102,800082,50154,YES,2022-05-18,01:01,04:01,QH18 GQU,3
43200103,800372,50542,NO,2022-02-11,07:00,11:00,HJ35 CPP,4
43200104,800224,50592,YES,2022-04-06,03:29,05:29,KT01 JAX,2
43200105,800304,50524,NO,2021-04-01,02:53,04:53,ZR57 HDR,2
43200106,800463,50169,YES,2022-12-11,10:19,16:19,GN88 AIS,6
43200107,800379,50512,NO,2022-10-04,03:48,06:48,GY69 YQV,3
43200108,800058,50438,NO,2022-06-22,07:14,09:14,NZ70 HFJ,2
43200109,800425,50411,NO,2021-04-14,10:39,16:39,UH07 CVU,6
43200110,800040,50464,YES,2021-05-25,06:54,07:54,DQ39 KGW,1
43200111,800262,50564,YES,2021-04-17,08:43,12:43,FY75 MOL,4
43200112,800195,50296,YES,2023-02-14,05:08,07:08,DO72 DKF,2
43200113,800267,50138,YES,2023-01-19,02:12,07:12,IT80 XSO,5
43200114,800080,50050,YES,2023-02-01,08:05,14:05,LN78 GKG,6
43200115,800288,50184,YES,2021-11-02,07:31,09:31,NP73 POM,2
43200116,800260,50078,YES,2022-07-03,06:10,10:10,WE14 FNK,4
43200117,800381,50304,NO,2022-04-29,01:24,07:24,RD46 BZF,6
43200118,800092,50495,NO,2022-02-25,01:46,03:46,WD30 EHM,2
43200119,800275,50214,YES,2022-10-21,08:45,09:45,RD83 BBK,1
43200120,800205,50434,NO,2021-10-05,07:47,09:47,GW18 JTC,2
43200121,800394,50433,NO,2022-12-30,01:07,07:07,ZB01 HDZ,6
43200122,800491,50494,YES,2022-11-05,04:38,07:38,HG27 DQK,3
43200123,800105,50351,YES,2021-09-08,10:01,13:01,FR25 POA,3
43200124,800229,50026,YES,2021-03-09,08:25,12:25,HW78 QIN,4
43200125,800167,50378,NO,2021-09-08,10:33,16:33,UP45 LVW,6
43200126,800495,50061,NO,2021-12-22,04:41,05:41,QX63 FKE,1
43200127,800041,50369,NO,2022-03-29,02:43,07:43,SZ68 MHX,5
43200128,800369,50147,NO,2022-11-30,08:43,10:43,BT33 TXP,2
43200129,800119,50540,YES,2022-04-24,09:32,14:32,OW69 QSV,5
43200130,800108,50020,NO,2022-10-07,03:29,07:29,VL02 HQM,4
43200131,800319,50310,NO,2022-04-13,07:58,12:58,SX68 AQY,5
43200132,800004,50579,YES,2022-02-27,03:36,07:36,AF06 FKG,4
43200133,800416,50460,YES,2022-04-12,08:56,12:56,XG90 JDF,4
43200134,800325,50450,NO,2021-11-01,03:47,07:47,KY19 FSG,4
43200135,800219,50409,NO,2021-04-10,06:46,11:46,ZY05 FKA,5
43200136,800270,50190,NO,2021-10-22,05:57,07:57,YI92 KVJ,2
43200137,800420,50384,YES,2022-03-10,04:18,08:18,AL53 PWD,4
43200138,800018,50010,NO,2022-07-21,03:28,04:28,HL84 PMZ,1
43200139,800173,50421,NO,2021-11-28,04:40,06:40,SN32 BFV,2
43200140,800012,50171,NO,2022-08-22,09:06,14:06,CN34 QHU,5
43200141,800005,50241,NO,2022-08-29,09:23,12:23,IC70 PHQ,3
43200142,800138,50370,YES,2022-09-05,09:41,15:41,NH84 PQA,6
43200143,800243,50456,YES,2022-04-18,10:28,11:28,EN45 LAE,1
43200144,800462,50228,YES,2021-10-29,08:57,10:57,IZ47 SDP,2
43200145,800367,50503,NO,2023-01-09,10:41,15:41,NC85 QFG,5
43200146,800238,50198,YES,2022-03-19,02:24,04:24,VL10 UFR,2
43200147,800356,50272,YES,2022-09-20,05:37,10:37,JN96 SCJ,5
43200148,800021,50086,YES,2022-10-22,04:04,07:04,MU31 VII,3
43200149,800172,50292,YES,2021-05-07,02:20,05:20,DX92 NCX,3
43200150,800107,50069,NO,2022-02-28,08:27,10:27,XU71 GEJ,2
43200151,800233,50300,NO,2022-06-20,06:31,11:31,CW42 EYO,5
43200152,800080,50120,YES,2021-06-21,04:30,07:30,ID50 NPJ,3
43200153,800187,50461,YES,2021-06-17,05:34,09:34,ZV45 DIN,4
43200154,800166,50427,NO,2022-01-10,07:19,12:19,GF16 TBQ,5
43200155,800036,50265,YES,2022-07-31,06:58,07:58,GE28 WQE,1
43200156,800322,50087,YES,2021-01-30,04:11,09:11,GJ77 GZO,5
43200157,800361,50033,YES,2023-02-27,05:13,10:13,OY10 IZC,5
43200158,800454,50204,YES,2021-10-29,04:17,05:17,YA48 UMS,1
43200159,800401,50046,NO,2022-03-09,08:47,09:47,EN09 LJT,1
43200160,800396,50597,NO,2022-11-04,08:26,13:26,JE91 DCJ,5
43200161,800314,50257,YES,2023-01-01,03:32,04:32,ED21 AIA,1
43200162,800370,50269,NO,2021-09-16,08:39,09:39,SZ64 CKJ,1
43200163,800063,50417,YES,2021-11-27,07:20,12:20,QG51 IQN,5
43200164,800137,50236,YES,2021-09-11,08:12,12:12,QA76 ILX,4
43200165,800279,50062,NO,2022-07-20,02:59,03:59,DP58 EKX,1
43200166,800285,50209,NO,2021-10-19,06:57,12:57,HB04 SXR,6
43200167,800056,50499,NO,2021-06-03,07:21,08:21,WB25 UEC,1
43200168,800426,50441,NO,2021-04-14,04:19,07:19,XB62 ZEQ,3
43200169,800254,50440,YES,2022-08-26,01:59,04:59,IC71 CTD,3
43200170,800161,50154,NO,2021-10-10,01:57,05:57,BY29 KIX,4
43200171,800378,50581,YES,2022-10-05,06:16,07:16,HD22 MLU,1
43200172,800072,50010,YES,2021-05-14,10:31,14:31,WH73 BRF,4
43200173,800303,50370,YES,2022-05-08,04:08,05:08,QD75 DOD,1
43200174,800460,50259,NO,2021-12-07,10:11,15:11,VN73 QNP,5
43200175,800478,50082,NO,2021-03-02,05:48,10:48,RA64 CYX,5
43200176,800059,50421,NO,2022-03-02,10:18,14:18,BQ42 FHY,4
43200177,800158,50365,YES,2021-08-02,07:11,10:11,XK55 NRO,3
43200178,800098,50476,NO,2023-02-26,04:30,07:30,HX29 WXL,3
43200179,800442,50004,YES,2021-12-19,09:23,15:23,EK48 NFU,6
43200180,800060,50378,YES,2021-05-30,10:26,15:26,OR31 GPF,5
43200181,800305,50399,NO,2021-05-10,09:45,15:45,EJ82 ZQA,6
43200182,800385,50368,YES,2022-02-13,01:47,02:47,JO83 ZUO,1
43200183,800434,50253,NO,2021-09-15,01:58,06:58,DW69 ONG,5
43200184,800350,50217,NO,2021-09-08,03:26,09:26,QZ10 VBZ,6
43200185,800351,50144,NO,2021-04-04,05:30,08:30,ZU24 RQQ,3
43200186,800417,50560,YES,2022-11-05,07:42,08:42,MU37 LDF,1
43200187,800347,50000,YES,2021-03-24,04:44,06:44,ZQ61 UWV,2
43200188,800231,50304,NO,2021-02-16,02:12,08:12,BO17 HAQ,6
43200189,800038,50079,NO,2022-10-31,08:52,13:52,AT39 KNV,5
43200190,800212,50107,NO,2022-12-29,08:11,12:11,JQ86 FQZ,4
43200191,800236,50312,YES,2022-02-05,01:20,04:20,HD46 KXJ,3
43200192,800105,50262,NO,2022-11-16,10:35,16:35,CH95 CUI,6
43200193,800273,50562,YES,2022-09-22,04:08,08:08,XO27 EUW,4
43200194,800390,50386,YES,2021-03-07,06:07,10:07,VT44 IJJ,4
43200195,800046,50218,YES,2022-06-04,02:24,08:24,PE07 TTY,6
43200196,800320,50468,NO,2022-03-26,04:03,05:03,SL61 ELI,1
43200197,800237,50203,YES,2021-11-10,07:37,11:37,FI64 ENO,4
43200198,800153,50022,NO,2021-09-27,01:15,05:15,BB67 HHJ,4
43200199,800284,50514,YES,2021-09-25,05:27,08:27,TP93 RPT,3
43200200,800134,50440,NO,2021-04-16,02:00,03:00,NM59 BFS,1
43200201,800441,50139,YES,2021-01-27,09:48,11:48,FI93 TER,2
43200202,800330,50127,YES,2021-09-13,01:50,02:50,WZ53 EEK,1
43200203,800081,50134,NO,2021-11-20,10:48,12:48,TE33 TYV,2
43200204,800397,50028,YES,2023-02-06,08:18,09:18,NT96 EBU,1
43200205,800033,50395,NO,2022-02-27,01:57,04:57,LM74 YDV,3
43200206,800234,50261,NO,2022-04-10,07:41,08:41,UE18 RPC,1
43200207,800221,50577,NO,2022-02-06,02:19,06:19,DP15 QIH,4
43200208,800243,50569,NO,2022-04-08,06:05,09:05,JC47 IYX,3
43200209,800315,50359,YES,2021-10-28,10:04,11:04,WK54 NQI,1
43200210,800170,50079,YES,2023-01-23,02:22,05:22,EY00 UZA,3
43200211,800135,50128,NO,2022-08-14,04:13,09:13,RM63 USY,5
43200212,800131,50356,YES,2022-11-20,06:00,07:00,XC09 IPV,1
43200213,800387,50230,YES,2022-02-04,01:37,07:37,SC98 XKW,6
43200214,800354,50504,YES,2023-01-08,05:33,06:33,DG18 EYL,1
43200215,800277,50348,YES,2021-09-30,04:55,08:55,LL64 GHS,4
43200216,800253,50045,NO,2021-04-08,04:28,10:28,OO40 XAE,6
43200217,800016,50343,NO,2023-02-21,08:26,11:26,PN88 RBM,3
43200218,800063,50462,YES,2022-01-18,10:41,11:41,RA26 JTQ,1
43200219,800304,50260,NO,2023-02-02,08:43,09:43,BI52 LXY,1
43200220,800011,50368,NO,2021-02-07,05:46,09:46,IM35 QUH,4
43200221,800475,50316,YES,2022-10-08,02:27,08:27,XN44 REW,6
43200222,800410,50588,NO,2021-06-30,04:53,09:53,LH07 RJY,5
43200223,800053,50009,YES,2023-02-15,01:17,07:17,BC56 HCP,6
43200224,800064,50006,NO,2022-05-06,04:53,10:53,FW14 IEB,6
43200225,800241,50384,YES,2021-06-05,06:14,10:14,IF46 AUQ,4
43200226,800071,50265,NO,2022-11-07,10:53,12:53,FG25 LEH,2
43200227,800480,50231,NO,2022-07-27,08:15,13:15,GM20 ANI,5
43200228,800114,50568,YES,2022-02-21,09:21,15:21,SC37 MFT,6
43200229,800369,50556,NO,2021-01-28,04:59,10:59,HP86 FWC,6
43200230,800345,50432,YES,2021-11-08,08:55,09:55,XX01 ROG,1
43200231,800342,50380,NO,2022-05-20,09:08,11:08,AN93 HSE,2
43200232,800233,50094,YES,2022-07-23,07:53,10:53,DR18 TSS,3
43200233,800048,50143,NO,2021-05-29,07:18,12:18,TM63 CFB,5
43200234,800109,50557,NO,2021-10-10,08:12,10:12,HP92 AEZ,2
43200235,800474,50177,NO,2022-04-20,09:52,13:52,QI29 KMQ,4
43200236,800383,50213,NO,2022-02-22,09:04,15:04,ET18 OHC,6
43200237,800351,50477,YES,2022-12-12,02:31,05:31,JQ74 JAN,3
43200238,800375,50211,YES,2022-08-10,07:13,09:13,QB08 XEA,2
43200239,800012,50466,NO,2022-03-03,05:15,07:15,WP20 HKE,2
43200240,800341,50202,YES,2021-04-20,06:51,12:51,VY77 GOR,6
43200241,800122,50216,NO,2021-09-20,01:19,05:19,ZC74 TGU,4
43200242,800327,50548,YES,2021-06-26,02:07,08:07,AF24 TFG,6
43200243,800004,50241,NO,2021-05-31,01:03,05:03,BB32 HIE,4
43200244,800406,50129,YES,2022-11-27,04:50,08:50,QF29 CWA,4
43200245,800396,50153,NO,2023-02-27,06:59,09:59,WV17 XZN,3
43200246,800202,50110,NO,2022-09-28,10:33,11:33,QH89 OHW,1
43200247,800126,50519,NO,2021-11-27,07:28,11:28,ZL22 ZZJ,4
43200248,800285,50418,YES,2022-05-29,09:34,15:34,DJ79 QKF,6
43200249,800009,50481,NO,2022-03-21,10:33,11:33,SF15 LPY,1
43200250,800318,50093,NO,2021-12-19,08:32,13:32,XE00 CLC,5
43200251,800280,50288,YES,2022-02-24,07:05,13:05,QJ19 YDB,6
43200252,800276,50060,YES,2022-05-12,08:01,14:01,MR16 WHW,6
43200253,800247,50256,YES,2022-05-14,04:59,08:59,HX61 KJJ,4
43200254,800182,50193,YES,2022-06-11,10:06,15:06,MJ92 JIE,5
43200255,800278,50206,YES,2022-01-09,04:09,09:09,DD09 IPK,5
43200256,800332,50494,YES,2022-01-13,06:08,08:08,PF13 RXT,2
43200257,800339,50132,YES,2022-08-17,08:31,11:31,QK80 BTL,3
43200258,800092,50092,YES,2021-04-28,08:01,10:01,CX37 AQP,2
43200259,800460,50588,YES,2022-11-06,10:15,13:15,IV96 DFZ,3
43200260,800017,50258,NO,2021-03-27,09:53,11:53,HP19 CAG,2
43200261,800323,50576,YES,2023-01-30,01:54,06:54,XU47 EEJ,5
43200262,800175,50305,YES,2022-08-04,05:07,11:07,PR69 MWU,6
43200263,800048,50177,NO,2023-02-21,08:15,11:15,LA21 VUO,3
43200264,800098,50105,YES,2021-03-13,08:17,10:17,AC12 AYI,2
43200265,800040,50470,YES,2022-03-28,05:03,09:03,YD27 WNM,4
43200266,800045,50310,NO,2022-04-07,06:41,12:41,KK02 QZZ,6
43200267,800203,50276,NO,2022-05-06,02:14,08:14,ZW72 CPO,6
43200268,800348,50166,NO,2022-01-06,01:37,03:37,KC82 AAK,2
43200269,800112,50069,YES,2021-11-23,10:51,11:51,KW14 DRP,1
43200270,800375,50012,YES,2022-12-19,03:50,04:50,XZ26 XPC,1
43200271,800187,50174,NO,2021-12-06,01:30,04:30,UB39 OBT,3
43200272,800009,50138,NO,2021-09-29,01:42,07:42,IQ78 JNZ,6
43200273,800411,50226,NO,2022-01-20,10:30,11:30,SE75 HYW,1
43200274,800384,50370,YES,2022-08-05,01:55,07:55,UL91 RCI,6
43200275,800128,50145,NO,2021-04-18,07:12,08:12,EE69 HXS,1
43200276,800263,50490,YES,2022-08-08,08:43,12:43,XF72 FUX,4
43200277,800024,50141,NO,2022-09-06,05:22,09:22,OU86 JKM,4
43200278,800121,50567,YES,2022-01-05,07:40,08:40,FV57 ZQN,1
43200279,800353,50071,NO,2021-05-25,07:17,10:17,TI40 IAC,3
43200280,800362,50143,YES,2022-07-22,03:10,08:10,XM02 UCS,5
43200281,800190,50458,YES,2022-05-26,04:36,09:36,WY05 XCW,5
43200282,800311,50396,NO,2023-02-07,04:45,06:45,FE58 EQZ,2
43200283,800468,50255,YES,2021-09-11,05:31,11:31,FX77 VFR,6
43200284,800356,50340,NO,2021-08-25,03:37,05:37,CJ81 YHW,2
43200285,800019,50293,NO,2022-06-18,07:16,08:16,JA08 WML,1
43200286,800281,50091,YES,2021-08-14,08:07,09:07,LZ15 CAC,1
43200287,800237,50015,YES,2021-12-20,02:17,07:17,AX48 VBG,5
43200288,800432,50188,NO,2021-07-31,09:50,15:50,MU68 MEJ,6
43200289,800177,50120,YES,2022-08-22,05:47,10:47,MG88 LUT,5
43200290,800126,50468,YES,2022-08-01,03:07,06:07,MM00 NJC,3
43200291,800408,50506,NO,2022-06-10,08:52,11:52,RQ63 LED,3
43200292,800171,50172,NO,2021-01-20,03:45,08:45,CQ06 HLJ,5
43200293,800309,50435,NO,2022-06-10,02:16,05:16,DW23 EXM,3
43200294,800248,50424,NO,2021-07-20,04:08,08:08,ON64 OOF,4
43200295,800485,50263,NO,2021-03-13,05:19,08:19,QW74 EXX,3
43200296,800488,50225,YES,2022-06-07,02:08,07:08,XR54 NOA,5
43200297,800205,50185,YES,2021-09-21,07:28,10:28,MN64 GJF,3
43200298,800067,50590,NO,2022-02-04,08:53,14:53,HC84 KXQ,6
43200299,800070,50155,YES,2021-06-25,10:23,11:23,GL56 SLZ,1
43200300,800020,50541,YES,2022-07-25,03:59,06:59,LA29 ZQD,3
43200301,800382,50309,NO,2023-01-11,07:47,08:47,ZP62 LHN,1
43200302,800098,50225,YES,2021-12-16,05:21,11:21,AV44 RLI,6
43200303,800057,50099,NO,2021-07-21,02:12,04:12,JX98 BON,2
43200304,800166,50171,YES,2022-05-12,06:39,09:39,CS63 OXG,3
43200305,800464,50237,NO,2021-03-19,01:19,03:19,SH93 XDQ,2
43200306,800182,50448,NO,2023-01-10,05:24,08:24,RP24 AFS,3
43200307,800413,50135,NO,2021-07-29,01:14,02:14,HO55 RWY,1
43200308,800337,50509,NO,2021-04-07,04:50,09:50,AN70 IHL,5
43200309,800047,50380,YES,2022-11-13,07:18,13:18,JT73 MPR,6
43200310,800296,50101,NO,2021-05-12,08:01,14:01,FT51 EKF,6
43200311,800435,50433,NO,2021-10-09,06:17,11:17,EB79 SNN,5
43200312,800329,50465,NO,2022-08-26,01:35,04:35,IC54 HWP,3
43200313,800091,50592,NO,2022-11-07,03:14,08:14,RQ71 IFT,5
43200314,800349,50459,YES,2022-11-15,05:10,09:10,MA55 NEN,4
43200315,800393,50003,YES,2022-01-11,01:22,06:22,UT41 XRC,5
43200316,800304,50174,YES,2022-06-18,08:00,12:00,CM97 PKH,4
43200317,800426,50240,YES,2022-02-14,10:49,16:49,JE68 AFJ,6
43200318,800224,50158,YES,2022-05-13,08:24,13:24,BG27 HSX,5
43200319,800300,50120,NO,2022-01-18,06:15,07:15,AL76 GVJ,1
43200320,800245,50016,YES,2022-06-12,02:14,08:14,FQ96 KGX,6
43200321,800375,50373,NO,2021-03-19,09:49,13:49,IR51 JIB,4
43200322,800339,50351,YES,2021-08-14,05:20,09:20,ZG72 CLD,4
43200323,800491,50014,NO,2021-04-24,03:42,07:42,QX39 BIN,4
43200324,800273,50220,YES,2022-06-20,06:43,08:43,AV06 TLF,2
43200325,800172,50328,NO,2021-05-06,06:55,07:55,BR35 RVI,1
43200326,800263,50103,NO,2022-10-04,05:18,07:18,SD38 MTB,2
43200327,800162,50078,YES,2022-10-18,10:29,12:29,JM78 XSQ,2
43200328,800374,50213,YES,2022-04-15,06:40,11:40,CH87 SEI,5
43200329,800220,50337,YES,2021-11-18,03:19,09:19,WJ76 ZRV,6
43200330,800014,50202,YES,2021-11-21,08:36,09:36,UZ60 BCY,1
43200331,800439,50426,NO,2021-06-11,02:22,07:22,SH23 JLI,5
43200332,800499,50001,NO,2021-10-15,10:15,13:15,DH29 JDK,3
43200333,800067,50253,YES,2022-07-06,10:39,15:39,UC97 RGN,5
43200334,800428,50595,YES,2022-09-06,04:59,09:59,DY49 FPJ,5
43200335,800372,50428,NO,2021-04-20,08:52,14:52,PV41 SIY,6
43200336,800267,50485,YES,2021-07-24,04:24,09:24,JF72 AKY,5
43200337,800213,50080,NO,2021-06-25,02:57,05:57,XY07 MNE,3
43200338,800214,50456,NO,2022-03-14,02:05,04:05,DF54 LZV,2
43200339,800377,50430,YES,2021-12-19,02:21,04:21,OR04 CQD,2
43200340,800124,50165,YES,2022-01-11,10:20,11:20,KI47 XFA,1
43200341,800342,50346,YES,2022-07-02,09:21,12:21,PV85 XGW,3
43200342,800497,50109,YES,2022-07-22,05:56,11:56,SY82 SRC,6
43200343,800103,50296,YES,2021-12-29,10:44,11:44,EU64 EVC,1
43200344,800297,50478,NO,2022-10-09,03:31,08:31,OE42 UAU,5
43200345,800255,50044,NO,2022-04-10,08:13,09:13,OA03 RAP,1
43200346,800232,50377,NO,2022-07-28,01:12,06:12,ER47 GQU,5
43200347,800203,50391,YES,2021-05-20,06:22,08:22,IM40 EXL,2
43200348,800197,50188,NO,2021-04-30,09:57,11:57,RQ63 CXI,2
43200349,800040,50562,NO,2022-08-28,06:52,09:52,SV52 JWJ,3
43200350,800054,50054,NO,2021-06-26,04:33,09:33,FZ14 PRX,5
43200351,800103,50261,YES,2022-12-06,07:41,10:41,HX78 ZFS,3
43200352,800262,50086,YES,2021-05-16,03:08,08:08,GR44 ZHZ,5
43200353,800063,50033,NO,2022-12-09,01:19,07:19,HP93 EUW,6
43200354,800008,50008,YES,2021-12-06,05:44,09:44,DK27 IDJ,4
43200355,800158,50096,YES,2021-08-22,08:20,14:20,YV94 QYL,6
43200356,800423,50453,NO,2021-08-18,03:45,06:45,NA88 SXC,3
43200357,800472,50012,YES,2021-08-31,01:37,03:37,CZ43 OYF,2
43200358,800328,50534,YES,2022-01-27,01:46,02:46,WZ20 UYD,1
43200359,800344,50288,YES,2022-01-19,06:50,12:50,KI25 SRL,6
43200360,800151,50519,YES,2022-04-17,04:12,10:12,UQ30 CZZ,6
43200361,800169,50470,YES,2022-10-04,05:27,11:27,ZD12 SII,6
43200362,800194,50044,NO,2021-09-13,01:46,03:46,LQ63 UYA,2
43200363,800088,50539,YES,2021-07-22,01:29,04:29,UX34 SSD,3
43200364,800110,50065,YES,2021-06-02,09:27,12:27,OY22 QKM,3
43200365,800292,50488,NO,2022-11-15,09:25,14:25,SC37 XBD,5
43200366,800025,50547,NO,2022-11-16,07:37,08:37,JB94 DKU,1
43200367,800267,50102,YES,2022-10-06,07:42,09:42,WZ46 AVL,2
43200368,800128,50276,NO,2022-09-29,08:26,09:26,NQ32 PWP,1
43200369,800010,50262,YES,2022-12-15,09:41,13:41,VS09 AGH,4
43200370,800049,50167,YES,2021-09-30,05:17,10:17,CI07 NIJ,5
43200371,800112,50398,YES,2021-02-05,03:59,07:59,RT96 WLW,4
43200372,800146,50568,NO,2023-02-22,06:57,12:57,DA24 JKF,6
43200373,800034,50385,YES,2022-05-21,02:41,03:41,VX55 ZEM,1
43200374,800224,50037,NO,2022-10-22,08:35,10:35,PS07 PAM,2
43200375,800392,50439,NO,2022-08-15,06:00,08:00,FS67 LPZ,2
43200376,800296,50195,NO,2021-12-06,09:09,15:09,EO90 YWE,6
43200377,800457,50591,YES,2022-04-15,10:02,11:02,HR00 RFL,1
43200378,800338,50293,YES,2022-05-09,07:50,12:50,LV77 WUP,5
43200379,800419,50201,NO,2021-03-21,04:20,08:20,MR95 JFR,4
43200380,800374,50323,NO,2021-01-06,04:07,07:07,FX42 IAC,3
43200381,800259,50238,YES,2021-04-08,06:20,10:20,PP17 IFV,4
43200382,800036,50324,NO,2023-01-29,04:05,05:05,JE50 KPS,1
43200383,800382,50239,NO,2022-05-18,07:57,12:57,YW32 AGA,5
43200384,800431,50598,YES,2021-02-10,05:00,11:00,OC98 XKR,6
43200385,800225,50436,NO,2021-03-27,04:27,06:27,YR73 KLJ,2
43200386,800048,50027,YES,2021-04-19,05:23,06:23,FI04 MJD,1
43200387,800332,50105,YES,2021-07-14,05:15,10:15,OM86 BAL,5
43200388,800378,50585,NO,2022-12-23,08:49,13:49,GJ30 GNF,5
43200389,800394,50188,NO,2021-04-02,05:06,08:06,PO51 QUL,3
43200390,800327,50497,NO,2021-03-09,01:43,07:43,LP81 DTA,6
43200391,800041,50187,YES,2022-02-04,09:42,10:42,LX80 JNS,1
43200392,800157,50013,NO,2022-07-16,06:41,09:41,QQ44 YCM,3
43200393,800436,50301,YES,2022-06-15,02:43,08:43,CU90 LZD,6
43200394,800494,50290,YES,2021-08-28,08:31,14:31,YG75 PFY,6
43200395,800354,50419,NO,2021-11-01,08:56,09:56,MP34 HZE,1
43200396,800462,50291,YES,2023-02-27,07:21,11:21,OB11 KRT,4
43200397,800277,50532,NO,2022-08-08,05:19,06:19,AC33 PGO,1
43200398,800167,50352,NO,2023-01-10,08:28,14:28,EX11 REC,6
43200399,800136,50433,YES,2022-01-28,07:13,08:13,QY25 IVX,1
43200400,800447,50412,NO,2021-09-09,04:46,08:46,SU06 CMG,4
43200401,800126,50176,NO,2021-08-20,07:57,12:57,BK55 IYQ,5
43200402,800164,50395,NO,2021-04-29,06:36,07:36,HV93 MLN,1
43200403,800107,50198,NO,2022-07-16,03:28,04:28,OI02 SJZ,1
43200404,800203,50195,NO,2023-02-02,02:16,07:16,VV92 MPK,5
43200405,800134,50598,NO,2021-03-14,10:34,11:34,EI40 TYL,1
43200406,800331,50096,NO,2022-05-26,08:41,09:41,RX05 DQV,1
43200407,800068,50549,YES,2021-11-04,03:25,08:25,TG93 SYB,5
43200408,800397,50565,YES,2021-10-19,10:59,11:59,NJ27 PZQ,1
43200409,800268,50444,NO,2022-12-09,10:23,16:23,CC79 DIS,6
43200410,800097,50563,NO,2021-04-12,09:30,14:30,SW54 CMS,5
43200411,800109,50529,YES,2021-10-11,05:35,08:35,BH94 OCH,3
43200412,800101,50499,YES,2023-02-10,05:00,11:00,ZT85 BJP,6
43200413,800436,50480,NO,2021-08-16,06:29,08:29,NC99 MMQ,2
43200414,800225,50525,NO,2021-06-12,03:38,04:38,LC88 XEA,1
43200415,800137,50440,YES,2022-08-14,04:54,10:54,ID97 QFC,6
43200416,800306,50182,YES,2021-08-15,05:23,07:23,QL04 YIW,2
43200417,800265,50173,YES,2021-03-04,03:09,05:09,LI98 VPS,2
43200418,800178,50591,YES,2021-02-12,06:29,10:29,QL59 HXH,4
43200419,800029,50106,YES,2022-02-21,07:03,08:03,JX96 WTX,1
43200420,800000,50459,YES,2022-05-29,06:44,08:44,ZK06 BPP,2
43200421,800478,50484,YES,2022-10-14,02:06,07:06,AY78 OPF,5
43200422,800206,50475,NO,2022-09-11,01:20,02:20,EZ10 NFL,1
43200423,800047,50045,NO,2022-03-26,06:14,08:14,VD88 RLW,2
43200424,800197,50107,YES,2021-12-30,08:40,13:40,WX89 QIO,5
43200425,800376,50231,NO,2021-08-15,04:35,08:35,XL77 OHF,4
43200426,800136,50471,NO,2023-02-26,05:17,07:17,GW39 YLS,2
43200427,800115,50360,YES,2021-01-30,03:46,07:46,UX71 FTM,4
43200428,800361,50332,NO,2022-09-14,05:08,08:08,TN98 ZNQ,3
43200429,800406,50189,NO,2023-03-06,03:03,09:03,WL90 OXO,6
43200430,800208,50098,YES,2022-10-27,07:36,13:36,UP70 JLH,6
43200431,800162,50476,YES,2023-01-26,08:44,10:44,MW56 CKU,2
43200432,800014,50171,NO,2021-04-27,08:02,12:02,EJ20 BZZ,4
43200433,800334,50056,NO,2023-02-11,05:40,08:40,GH44 ZZA,3
43200434,800303,50233,NO,2022-05-04,05:42,07:42,VC86 FSE,2
43200435,800470,50548,YES,2021-05-08,02:03,05:03,DD49 PNU,3
43200436,800322,50569,NO,2022-08-28,07:16,11:16,ZI56 OSH,4
43200437,800283,50193,NO,2022-03-10,06:06,09:06,DI14 DJZ,3
43200438,800198,50223,NO,2021-10-07,05:08,11:08,NI08 DCY,6
43200439,800496,50174,YES,2021-10-20,04:29,08:29,UC89 QEK,4
43200440,800393,50160,NO,2022-07-27,05:51,10:51,NG18 ZKD,5
43200441,800350,50029,NO,2021-03-29,09:52,12:52,MN65 DES,3
43200442,800033,50481,YES,2021-07-20,06:06,09:06,LT26 OJE,3
43200443,800152,50018,NO,2022-11-05,05:03,10:03,VW05 EVD,5
43200444,800054,50422,YES,2021-02-01,08:52,10:52,OH29 JPG,2
43200445,800003,50199,YES,2021-07-24,01:47,04:47,CK61 OTL,3
43200446,800310,50520,YES,2021-11-06,06:58,10:58,OG79 LAZ,4
43200447,800140,50220,NO,2022-12-08,07:53,13:53,KJ83 QJB,6
43200448,800184,50519,NO,2021-12-01,05:34,08:34,EZ27 TBZ,3
43200449,800368,50086,YES,2023-01-06,04:34,09:34,QK93 WED,5
43200450,800329,50548,NO,2021-09-15,03:33,05:33,PP86 DIU,2
43200451,800033,50445,YES,2022-03-27,09:00,15:00,LM53 UEG,6
43200452,800354,50496,YES,2022-04-18,08:19,11:19,ZD58 VPP,3
43200453,800105,50225,YES,2021-10-01,05:45,07:45,OC14 VJA,2
43200454,800463,50259,NO,2022-01-11,10:00,16:00,NR95 AIH,6
43200455,800437,50415,NO,2022-03-12,04:44,06:44,QZ91 YNJ,2
43200456,800165,50405,NO,2021-07-02,03:14,07:14,VH25 HKF,4
43200457,800366,50532,YES,2021-09-25,07:01,13:01,VR17 LAY,6
43200458,800120,50342,NO,2021-12-12,07:57,08:57,JS63 KCJ,1
43200459,800223,50067,NO,2021-08-11,03:11,06:11,MY98 XRO,3
43200460,800116,50553,YES,2022-08-19,09:22,14:22,AL37 NEH,5
43200461,800193,50025,YES,2023-01-09,08:43,12:43,WY96 IZI,4
43200462,800481,50173,YES,2021-02-04,10:59,11:59,BP86 MHA,1
43200463,800082,50474,NO,2021-05-01,09:37,12:37,MP09 JCN,3
43200464,800099,50115,NO,2022-12-07,07:00,10:00,YL06 ZHI,3
43200465,800307,50526,YES,2021-03-16,03:21,08:21,GF16 MJF,5
43200466,800378,50510,NO,2022-09-26,03:57,06:57,CA12 KDW,3
43200467,800434,50387,NO,2021-03-30,05:55,08:55,FY63 MDQ,3
43200468,800377,50522,NO,2022-05-09,03:58,09:58,ZN60 TGX,6
43200469,800462,50350,YES,2021-05-22,10:16,11:16,AR55 SMB,1
43200470,800414,50057,NO,2023-01-28,05:36,10:36,ZA84 CMX,5
43200471,800169,50449,NO,2022-02-22,10:25,12:25,IG74 PQV,2
43200472,800121,50208,YES,2021-11-18,07:24,09:24,CS70 ISS,2
43200473,800063,50465,NO,2022-02-25,05:42,10:42,PC38 KPO,5
43200474,800242,50358,NO,2021-08-24,02:52,04:52,UC01 XZT,2
43200475,800263,50068,YES,2021-12-02,08:01,10:01,VI92 HDJ,2
43200476,800403,50536,YES,2021-02-12,05:33,07:33,IY48 WVL,2
43200477,800483,50254,YES,2022-03-01,01:48,06:48,MW98 WJB,5
43200478,800234,50407,YES,2023-02-20,09:27,10:27,GG14 YTZ,1
43200479,800364,50327,YES,2021-11-25,06:01,09:01,DN26 LHO,3
43200480,800224,50303,NO,2021-11-22,07:21,09:21,EL21 TUP,2
43200481,800127,50393,NO,2022-04-17,08:44,10:44,VQ17 EFO,2
43200482,800019,50347,NO,2022-10-23,07:44,12:44,QT67 FDB,5
43200483,800310,50214,YES,2022-05-29,07:31,11:31,CS00 VRP,4
43200484,800281,50109,YES,2022-09-25,06:07,08:07,UH03 RVX,2
43200485,800043,50416,NO,2022-03-02,07:06,08:06,MM50 CQD,1
43200486,800265,50106,YES,2022-05-20,07:53,11:53,MF26 KLS,4
43200487,800297,50414,NO,2022-06-24,06:37,07:37,QW39 LRZ,1
43200488,800316,50021,NO,2021-12-20,01:54,02:54,AE77 WCG,1
43200489,800197,50562,YES,2022-10-06,07:03,09:03,JZ90 CWL,2
43200490,800044,50371,NO,2023-01-17,03:03,05:03,UC82 RWY,2
43200491,800484,50594,NO,2021-04-25,10:27,11:27,KI16 TOF,1
43200492,800276,50440,NO,2021-09-24,01:06,03:06,PV32 NAC,2
43200493,800492,50029,YES,2021-11-19,06:04,07:04,JU18 UYM,1
43200494,800055,50279,NO,2021-07-06,10:47,13:47,IM84 FSW,3
43200495,800293,50119,YES,2022-07-02,01:42,03:42,ZO41 EVT,2
43200496,800235,50323,NO,2021-12-06,03:01,05:01,XN61 JGW,2
43200497,800418,50250,YES,2021-12-06,01:34,03:34,HL41 OFY,2
43200498,800450,50050,YES,2022-11-01,02:19,08:19,EF83 NAW,6
43200499,800176,50458,YES,2021-09-10,10:28,15:28,GP64 WTE,5
43200500,800154,50458,NO,2021-04-19,08:32,13:32,OS33 PAR,5
43200501,800267,50030,NO,2022-02-14,07:40,13:40,KW81 JYH,6
43200502,800237,50138,YES,2022-06-11,06:18,07:18,GC33 ELR,1
43200503,800431,50215,YES,2021-09-14,08:39,10:39,JG58 JVY,2
43200504,800399,50200,YES,2022-05-02,03:02,09:02,RA13 EMP,6
43200505,800167,50561,NO,2022-01-13,09:19,11:19,AW10 DCR,2
43200506,800153,50350,NO,2023-03-02,08:50,14:50,LE39 MLA,6
43200507,800380,50572,YES,2021-12-25,07:15,12:15,LR20 NYC,5
43200508,800046,50474,YES,2021-05-08,05:00,07:00,UA06 SYQ,2
43200509,800163,50502,YES,2022-02-03,01:39,04:39,FO22 TKD,3
43200510,800106,50565,YES,2021-09-17,06:05,11:05,UH99 CZC,5
43200511,800406,50246,NO,2022-02-20,04:06,06:06,QW39 CFB,2
43200512,800089,50025,NO,2023-02-26,04:44,10:44,TB90 FJA,6
43200513,800366,50058,NO,2022-05-16,01:50,02:50,FM93 NHW,1
43200514,800315,50141,NO,2021-07-27,07:15,11:15,RG90 ZML,4
43200515,800001,50407,YES,2022-08-26,09:00,14:00,RT03 RFX,5
43200516,800499,50523,NO,2021-04-26,07:39,10:39,RZ01 UPY,3
43200517,800445,50104,YES,2022-04-19,03:23,07:23,KD90 PXN,4
43200518,800415,50299,NO,2022-04-18,04:15,06:15,WT79 INS,2
43200519,800281,50251,NO,2022-12-16,04:43,09:43,VV47 XKB,5
43200520,800494,50117,YES,2022-07-22,05:09,08:09,RT12 VIQ,3
43200521,800438,50096,NO,2022-10-06,02:29,08:29,HZ33 FSP,6
43200522,800308,50034,YES,2021-06-29,10:09,12:09,BI65 OEZ,2
43200523,800306,50297,YES,2021-09-30,03:56,08:56,FU70 CDB,5
43200524,800047,50300,NO,2021-11-30,03:03,06:03,QX36 ZYT,3
43200525,800330,50260,NO,2021-01-21,07:55,13:55,KL48 ZBV,6
43200526,800460,50550,YES,2022-05-04,10:40,11:40,ZB92 MOM,1
43200527,800261,50187,YES,2022-08-10,06:43,10:43,YN85 TLS,4
43200528,800335,50153,NO,2021-02-01,01:09,05:09,MO11 EPV,4
43200529,800339,50134,YES,2023-03-04,04:40,10:40,EZ44 YAM,6
43200530,800029,50328,NO,2022-10-17,08:03,14:03,IB07 BUD,6
43200531,800225,50142,NO,2022-10-27,05:55,08:55,ZN11 EFF,3
43200532,800164,50228,NO,2021-09-04,10:40,16:40,XB01 VLY,6
43200533,800062,50000,YES,2022-08-13,01:27,07:27,ES64 ZLE,6
43200534,800433,50061,YES,2021-12-04,09:55,11:55,ZE19 FEW,2
43200535,800275,50105,NO,2022-09-18,03:55,06:55,ZI67 QZL,3
43200536,800351,50509,NO,2022-08-09,06:06,09:06,RA65 ZPQ,3
43200537,800210,50163,NO,2021-04-16,10:49,15:49,OL98 ZQV,5
43200538,800347,50531,YES,2021-06-28,03:47,05:47,PO41 CNR,2
43200539,800235,50241,YES,2021-10-21,08:48,13:48,PY24 GHP,5
43200540,800391,50528,NO,2022-10-03,02:16,07:16,VN48 EIT,5
43200541,800013,50490,YES,2021-02-28,03:40,08:40,JP88 YFI,5
43200542,800474,50372,NO,2022-10-02,10:40,12:40,WU28 AMF,2
43200543,800151,50390,NO,2021-02-09,09:46,15:46,KX54 KEA,6
43200544,800416,50118,YES,2022-08-06,01:41,04:41,WV32 OEN,3
43200545,800471,50156,YES,2022-04-05,05:01,11:01,MF27 YLI,6
43200546,800157,50441,NO,2021-07-08,04:33,08:33,OE76 JWW,4
43200547,800496,50239,NO,2022-10-17,01:01,07:01,QK92 PBE,6
43200548,800103,50562,NO,2023-02-10,08:40,10:40,IW85 OIZ,2
43200549,800477,50097,YES,2021-09-29,04:01,05:01,LV74 OMZ,1
43200550,800327,50307,NO,2021-03-12,09:17,12:17,KQ64 DXF,3
43200551,800146,50051,YES,2022-04-15,09:23,13:23,AF01 TFH,4
43200552,800066,50062,YES,2021-06-13,03:28,07:28,JF41 WKP,4
43200553,800285,50414,NO,2022-02-16,07:47,12:47,QB05 CFZ,5
43200554,800476,50291,YES,2021-10-30,10:52,11:52,TL89 PKT,1
43200555,800196,50583,YES,2022-05-27,01:19,04:19,CD36 SJO,3
43200556,800445,50365,NO,2021-05-16,08:15,09:15,RO52 WJQ,1
43200557,800497,50372,NO,2021-02-17,09:38,11:38,BD51 AYI,2
43200558,800059,50524,YES,2021-09-22,09:17,11:17,JS20 LBF,2
43200559,800439,50229,YES,2022-11-12,08:15,11:15,DY58 QBN,3
43200560,800399,50514,NO,2023-01-13,04:17,09:17,JU93 ELV,5
43200561,800123,50559,YES,2022-09-28,09:52,13:52,EV34 TKU,4
43200562,800288,50453,YES,2023-02-26,09:45,12:45,HN05 MED,3
43200563,800036,50044,NO,2021-06-08,06:24,12:24,VL82 PUF,6
43200564,800265,50579,NO,2021-09-29,03:12,09:12,TZ37 EOV,6
43200565,800343,50539,YES,2022-06-14,03:34,09:34,CH06 APQ,6
43200566,800404,50369,NO,2021-03-03,10:19,11:19,VO87 JRM,1
43200567,800378,50031,NO,2021-10-18,03:47,07:47,TS47 VBR,4
43200568,800006,50225,YES,2021-01-08,09:23,14:23,TQ14 TOK,5
43200569,800027,50230,YES,2021-06-05,05:26,09:26,MA47 QWA,4
43200570,800362,50163,NO,2021-06-26,10:37,14:37,UB17 CXP,4
43200571,800393,50167,NO,2021-12-27,06:26,09:26,YM21 IYA,3
43200572,800257,50368,YES,2022-09-14,06:29,07:29,OT51 ZPX,1
43200573,800303,50194,NO,2021-11-23,04:55,05:55,CO88 PTY,1
43200574,800147,50255,YES,2023-01-09,04:51,06:51,RV89 HSI,2
43200575,800105,50510,NO,2022-01-24,10:47,14:47,UQ97 PEZ,4
43200576,800489,50443,NO,2021-02-15,02:24,06:24,VG13 MBO,4
43200577,800192,50232,YES,2022-10-31,06:39,09:39,EK42 MKF,3
43200578,800017,50092,NO,2021-07-28,04:57,10:57,QY77 KKN,6
43200579,800400,50012,YES,2021-02-26,03:30,08:30,FE45 AAQ,5
43200580,800455,50518,YES,2022-11-18,01:32,03:32,UL31 IZA,2
43200581,800308,50246,NO,2021-03-13,03:06,04:06,HJ77 YHN,1
43200582,800438,50391,NO,2022-11-16,09:11,11:11,TB91 TTD,2
43200583,800019,50226,YES,2022-09-25,01:12,04:12,AE09 DNG,3
43200584,800022,50006,NO,2021-10-18,10:19,13:19,EU51 MTW,3
43200585,800030,50018,YES,2021-02-12,06:53,08:53,GG18 GUK,2
43200586,800413,50003,NO,2021-11-26,03:51,07:51,XV70 ZLG,4
43200587,800218,50214,NO,2022-10-21,10:28,11:28,IA32 INQ,1
43200588,800033,50416,YES,2021-10-08,03:36,07:36,NN59 EUT,4
43200589,800259,50493,YES,2022-02-18,02:38,03:38,RB37 VHU,1
43200590,800127,50247,NO,2021-03-25,04:01,09:01,AD62 UMO,5
43200591,800384,50431,YES,2023-02-01,07:43,11:43,JJ42 JPZ,4
43200592,800221,50397,NO,2022-12-08,08:01,13:01,AB47 YAF,5
43200593,800424,50069,NO,2022-10-29,02:55,07:55,YN46 UCY,5
43200594,800001,50316,YES,2021-11-05,03:02,08:02,QD70 KUD,5
43200595,800398,50513,NO,2021-11-20,05:33,10:33,LS99 DRN,5
43200596,800224,50419,YES,2023-01-27,06:20,11:20,VN55 NTU,5
43200597,800009,50447,YES,2022-04-05,07:56,09:56,BQ53 XEX,2
43200598,800250,50049,NO,2022-12-21,08:41,14:41,GZ99 ARU,6
43200599,800263,50330,YES,2022-10-31,06:42,08:42,JK30 DJJ,2
43200600,800408,50242,YES,2021-03-03,02:29,06:29,SE80 QRT,4
43200601,800187,50594,NO,2023-02-16,10:53,15:53,GZ12 FFH,5
43200602,800298,50005,YES,2022-01-10,07:42,13:42,YI42 MPF,6
43200603,800356,50596,NO,2021-03-26,03:28,08:28,PJ91 PJS,5
43200604,800191,50419,YES,2021-05-23,08:26,12:26,PO87 HEQ,4
43200605,800119,50420,YES,2021-11-29,04:47,10:47,GI19 GVO,6
43200606,800444,50065,NO,2022-01-25,01:08,05:08,ZY07 GJJ,4
43200607,800420,50122,NO,2021-05-13,10:03,16:03,KS07 TTM,6
43200608,800213,50318,NO,2022-03-04,10:06,12:06,QU45 UQG,2
43200609,800235,50018,YES,2022-07-01,02:30,06:30,NM08 HIC,4
43200610,800329,50024,YES,2023-01-24,01:21,04:21,CN79 MAC,3
43200611,800227,50436,YES,2023-01-10,04:24,07:24,FT79 XKY,3
43200612,800144,50388,NO,2022-10-31,07:59,08:59,PV30 LKG,1
43200613,800266,50145,YES,2023-02-03,04:42,07:42,LU60 UYV,3
43200614,800254,50394,YES,2022-12-03,06:12,07:12,SH09 XJM,1
43200615,800218,50278,YES,2021-03-10,08:15,10:15,QJ04 UBB,2
43200616,800400,50269,YES,2022-11-16,07:44,13:44,QT85 CRS,6
43200617,800398,50485,NO,2022-07-19,05:53,07:53,JR25 IQW,2
43200618,800192,50523,NO,2023-01-09,04:10,09:10,OL67 HTQ,5
43200619,800447,50289,NO,2022-07-01,05:09,07:09,QT03 PUL,2
43200620,800169,50519,NO,2021-06-05,04:24,06:24,TA85 CUM,2
43200621,800484,50035,NO,2022-08-16,05:26,06:26,FC62 ERG,1
43200622,800345,50263,YES,2023-02-03,06:03,10:03,RD65 LJQ,4
43200623,800132,50434,YES,2021-10-18,08:31,11:31,AZ23 NZM,3
43200624,800181,50418,NO,2022-02-24,06:22,11:22,MO72 IVB,5
43200625,800346,50093,YES,2021-06-15,02:31,08:31,TX81 FLB,6
43200626,800403,50021,NO,2021-12-27,06:06,12:06,CD70 NIB,6
43200627,800246,50409,YES,2021-12-12,04:14,09:14,KU90 SJT,5
43200628,800156,50166,YES,2021-06-07,08:53,12:53,DU54 YFY,4
43200629,800067,50530,YES,2022-09-24,08:38,10:38,AX09 HUI,2
43200630,800475,50500,NO,2021-05-17,03:20,08:20,NW59 GPQ,5
43200631,800414,50472,NO,2022-12-01,01:06,06:06,AT75 MFD,5
43200632,800275,50261,NO,2021-10-07,07:56,10:56,UX51 PUO,3
43200633,800085,50321,NO,2022-02-06,08:30,11:30,ZU82 FTI,3
43200634,800479,50328,YES,2022-07-25,08:55,11:55,ZI39 NMX,3
43200635,800163,50255,YES,2022-01-16,09:38,13:38,JK21 VXO,4
43200636,800361,50118,NO,2021-06-16,04:59,07:59,KI09 YYU,3
43200637,800052,50458,NO,2022-06-23,07:49,08:49,IS14 QMA,1
43200638,800288,50085,NO,2021-03-09,01:27,07:27,EH08 QIF,6
43200639,800112,50370,YES,2021-05-17,08:18,11:18,HG78 LXF,3
43200640,800162,50169,NO,2022-09-19,09:51,15:51,AL41 WBB,6
43200641,800359,50060,YES,2022-11-20,05:36,07:36,EJ17 UXJ,2
43200642,800289,50092,YES,2022-06-06,03:48,05:48,XE49 VXC,2
43200643,800443,50146,NO,2021-05-04,03:51,08:51,QR72 HGG,5
43200644,800463,50031,NO,2022-03-13,01:36,02:36,MB22 YIW,1
43200645,800364,50128,NO,2022-04-14,06:07,09:07,LW76 SEQ,3
43200646,800005,50111,YES,2021-08-01,05:18,06:18,HX00 WEV,1
43200647,800257,50559,YES,2022-04-04,10:22,15:22,TC05 HMI,5
43200648,800469,50071,NO,2021-07-28,08:02,13:02,YX29 YRE,5
43200649,800247,50382,YES,2022-07-25,09:57,11:57,ZK17 SYX,2
43200650,800397,50581,YES,2022-11-09,09:50,15:50,LR05 RLZ,6
43200651,800100,50110,NO,2023-01-22,04:25,05:25,PM26 MTX,1
43200652,800026,50316,YES,2021-09-13,01:20,06:20,LF73 MNT,5
43200653,800451,50317,NO,2022-12-03,08:42,14:42,GQ16 ZQC,6
43200654,800346,50349,NO,2023-01-01,10:07,16:07,RO24 ACV,6
43200655,800274,50502,YES,2021-09-24,02:18,06:18,MM20 WBI,4
43200656,800282,50371,NO,2022-08-25,09:45,15:45,RR35 PQD,6
43200657,800339,50329,NO,2022-09-07,09:36,14:36,SD46 CNB,5
43200658,800435,50169,NO,2022-04-23,09:44,11:44,HY17 QTW,2
43200659,800379,50454,NO,2022-04-02,09:21,10:21,DH28 JXV,1
43200660,800241,50163,YES,2022-11-21,10:00,13:00,CF18 REL,3
43200661,800305,50574,NO,2021-11-05,08:39,09:39,XN25 YIX,1
43200662,800051,50306,YES,2022-05-31,01:30,07:30,SO39 SXU,6
43200663,800211,50550,YES,2022-07-14,09:32,12:32,UF94 SBH,3
43200664,800092,50089,YES,2021-05-05,05:11,10:11,YY05 JMM,5
43200665,800484,50543,YES,2021-11-13,05:50,08:50,HY25 PTD,3
43200666,800238,50198,YES,2023-03-01,01:22,06:22,SB10 LWQ,5
43200667,800256,50095,NO,2021-03-19,10:22,12:22,EO92 OFP,2
43200668,800202,50028,YES,2022-05-30,05:24,08:24,QX28 NIL,3
43200669,800180,50062,YES,2022-09-21,06:17,07:17,YH34 VWP,1
43200670,800155,50398,YES,2021-11-16,02:00,07:00,RB78 NJV,5
43200671,800476,50383,YES,2021-05-19,07:33,08:33,HB58 SAX,1
43200672,800270,50571,YES,2021-03-02,01:20,03:20,RV04 MXZ,2
43200673,800116,50284,YES,2021-07-12,10:44,14:44,PJ45 IKC,4
43200674,800497,50057,NO,2021-03-04,06:38,12:38,WZ29 XPC,6
43200675,800371,50517,YES,2023-01-22,02:25,05:25,IW26 UVS,3
43200676,800430,50117,YES,2022-08-27,05:33,07:33,CQ17 OWI,2
43200677,800406,50096,NO,2021-12-26,05:28,07:28,NP79 VOI,2
43200678,800275,50261,YES,2022-10-31,08:50,14:50,CC29 ZVO,6
43200679,800427,50139,YES,2022-01-16,01:33,06:33,UX28 FAB,5
43200680,800086,50519,YES,2022-12-08,10:04,13:04,NV17 IXE,3
43200681,800412,50077,NO,2022-12-31,07:23,12:23,NF72 SQT,5
43200682,800316,50274,YES,2021-11-10,03:09,06:09,JR08 IOV,3
43200683,800459,50124,YES,2022-10-08,06:59,12:59,CB57 JIA,6
43200684,800135,50445,YES,2023-01-19,01:01,04:01,GJ69 PMG,3
43200685,800336,50449,NO,2023-02-25,04:56,06:56,UT02 LBC,2
43200686,800122,50510,NO,2021-05-12,08:54,11:54,NA56 BHX,3
43200687,800298,50551,YES,2021-08-23,06:34,07:34,SY21 ULW,1
43200688,800078,50448,YES,2022-08-25,10:07,16:07,PK37 TPF,6
43200689,800344,50430,YES,2021-05-27,02:18,06:18,HZ93 MKA,4
43200690,800234,50267,NO,2021-03-04,02:37,05:37,DS23 TFX,3
43200691,800490,50337,YES,2022-12-25,08:04,13:04,XK87 MBM,5
43200692,800035,50249,NO,2021-06-27,05:46,11:46,BF60 MDT,6
43200693,800345,50295,YES,2022-12-21,07:55,11:55,DY29 DXG,4
43200694,800235,50074,NO,2021-10-10,08:03,09:03,LZ63 THP,1
43200695,800312,50234,NO,2022-04-23,01:21,03:21,SJ66 ZSA,2
43200696,800411,50426,YES,2021-05-15,08:13,14:13,UX43 DCO,6
43200697,800355,50025,NO,2021-06-18,06:20,10:20,BH85 EGO,4
43200698,800095,50312,YES,2022-08-24,05:25,11:25,UF63 KMG,6
43200699,800133,50265,YES,2021-11-18,04:54,07:54,YS33 DVZ,3
43200700,800354,50010,NO,2022-06-10,07:50,11:50,DO90 PRO,4
43200701,800222,50507,YES,2023-01-23,09:58,15:58,LY66 MDP,6
43200702,800447,50081,YES,2022-07-16,10:50,12:50,NT98 WIW,2
43200703,800122,50473,NO,2021-09-13,02:20,05:20,PS50 URT,3
43200704,800062,50543,NO,2022-03-01,05:34,07:34,BE96 ECH,2
43200705,800052,50487,NO,2022-07-02,02:22,03:22,WL67 BNH,1
43200706,800022,50475,NO,2021-10-07,09:52,12:52,HQ77 SSS,3
43200707,800162,50134,NO,2021-02-27,06:57,09:57,VQ17 ZWM,3
43200708,800220,50095,NO,2022-02-03,05:52,09:52,OE95 EZC,4
43200709,800078,50071,YES,2022-12-27,01:09,04:09,BX42 XPY,3
43200710,800415,50224,YES,2023-01-07,07:18,10:18,SF14 BER,3
43200711,800196,50322,NO,2021-03-03,01:55,03:55,EL32 ZAB,2
43200712,800404,50031,YES,2021-09-23,03:15,05:15,HI61 GCR,2
43200713,800364,50312,YES,2022-05-17,06:40,11:40,PU99 RTA,5
43200714,800327,50196,NO,2022-10-24,10:40,15:40,UA99 WUA,5
43200715,800006,50285,NO,2021-09-09,01:10,03:10,RC74 NXV,2
43200716,800150,50288,NO,2022-08-19,02:35,05:35,YX88 CGY,3
43200717,800480,50294,YES,2022-11-05,05:13,07:13,VY04 YCR,2
43200718,800209,50379,YES,2022-02-01,04:27,09:27,WE96 QPE,5
43200719,800067,50311,YES,2022-12-11,06:16,09:16,XN49 LKW,3
43200720,800118,50138,NO,2021-05-29,05:45,06:45,ZV46 BAV,1
43200721,800395,50460,NO,2021-05-29,10:35,11:35,GE24 KTI,1
43200722,800264,50498,YES,2022-11-15,08:46,09:46,WR17 DTR,1
43200723,800405,50245,YES,2022-06-01,10:34,14:34,HC30 LBR,4
43200724,800135,50368,NO,2021-06-23,10:54,12:54,HL69 RCZ,2
43200725,800108,50025,YES,2021-10-28,03:29,06:29,EC98 YRE,3
43200726,800319,50360,YES,2022-03-03,04:05,05:05,KC97 YBI,1
43200727,800411,50012,YES,2021-11-05,02:35,06:35,BS02 ZJB,4
43200728,800333,50231,YES,2022-04-24,10:40,15:40,UF29 BNQ,5
43200729,800363,50336,YES,2021-12-06,07:10,11:10,VF98 DMJ,4
43200730,800452,50044,NO,2021-09-03,01:25,04:25,PO50 ARD,3
43200731,800347,50415,NO,2021-01-14,09:37,14:37,JL04 QUT,5
43200732,800485,50244,YES,2023-01-12,08:42,11:42,AL30 PNQ,3
43200733,800432,50146,YES,2021-08-31,03:46,09:46,SQ25 WXG,6
43200734,800023,50537,YES,2021-02-17,04:06,09:06,KP06 TSU,5
43200735,800457,50176,NO,2021-11-08,09:56,10:56,UP49 XXI,1
43200736,800313,50065,NO,2021-03-14,05:01,10:01,QX09 PDP,5
43200737,800087,50188,NO,2023-03-03,10:17,12:17,DN48 TLZ,2
43200738,800410,50222,NO,2021-10-11,06:45,12:45,WI11 NSA,6
43200739,800346,50562,NO,2022-06-17,08:06,10:06,ZY19 EZP,2
43200740,800018,50070,NO,2021-08-10,04:20,06:20,NL64 URB,2
43200741,800387,50413,YES,2022-01-14,01:42,05:42,EH44 OGP,4
43200742,800320,50499,YES,2021-11-11,07:33,11:33,JT62 YSR,4
43200743,800012,50027,YES,2023-01-16,10:06,14:06,ZC55 IIZ,4
43200744,800120,50554,NO,2021-04-17,07:58,12:58,ZQ50 FJW,5
43200745,800284,50019,YES,2021-08-16,10:38,14:38,JG06 GXQ,4
43200746,800298,50039,NO,2021-07-14,01:54,02:54,KE36 TBK,1
43200747,800394,50515,NO,2022-08-02,10:54,14:54,SE69 ZGC,4
43200748,800421,50516,YES,2021-11-01,02:32,03:32,AU26 XHR,1
43200749,800161,50223,NO,2021-09-15,06:44,10:44,QU73 VYR,4
43200750,800109,50486,NO,2022-02-12,07:08,13:08,XD05 LIP,6
43200751,800441,50541,NO,2022-06-01,01:33,04:33,CI36 CNO,3
43200752,800147,50392,NO,2022-11-06,05:12,07:12,ZB69 QPI,2
43200753,800025,50140,NO,2021-12-22,03:18,08:18,TJ92 LJR,5
43200754,800010,50467,YES,2021-10-15,05:40,07:40,OY75 GJD,2
43200755,800366,50148,YES,2023-02-03,01:20,02:20,KJ41 AVX,1
43200756,800392,50464,YES,2022-03-23,04:21,05:21,HO83 VJQ,1
43200757,800430,50492,NO,2021-01-31,04:42,08:42,KS87 YKH,4
43200758,800064,50289,NO,2022-01-26,02:04,05:04,OZ96 CKP,3
43200759,800055,50526,YES,2021-05-02,07:38,10:38,AJ97 PQR,3
43200760,800204,50147,YES,2022-04-26,03:59,09:59,QC03 QAL,6
43200761,800310,50411,NO,2022-09-23,01:03,04:03,ZT79 MAT,3
43200762,800124,50581,YES,2023-01-24,09:45,14:45,VZ14 YPV,5
43200763,800076,50328,YES,2021-04-09,02:16,04:16,WX33 NXS,2
43200764,800148,50337,NO,2023-02-09,02:56,08:56,BP37 LQT,6
43200765,800141,50030,YES,2021-08-25,02:53,07:53,NT32 DDE,5
43200766,800483,50100,YES,2022-10-12,07:31,08:31,EX09 YEG,1
43200767,800499,50066,NO,2021-04-06,01:11,06:11,DK85 GBD,5
43200768,800007,50191,NO,2021-02-12,09:11,12:11,IN39 VKS,3
43200769,800264,50015,NO,2021-02-19,03:43,08:43,IS14 MEH,5
43200770,800195,50521,NO,2021-09-06,09:48,14:48,GH71 RVT,5
43200771,800103,50215,NO,2021-11-22,05:29,11:29,AI37 SWL,6
43200772,800476,50419,NO,2021-03-18,07:05,09:05,ZT16 LSK,2
43200773,800458,50130,YES,2022-08-21,03:04,08:04,HZ15 EHZ,5
43200774,800023,50253,NO,2022-08-26,10:18,12:18,WM96 VEM,2
43200775,800200,50572,NO,2022-03-19,10:19,14:19,AE81 LGX,4
43200776,800075,50533,NO,2023-03-02,07:40,08:40,RC44 CZV,1
43200777,800417,50254,YES,2023-02-23,02:16,04:16,AN91 GYK,2
43200778,800140,50329,YES,2021-03-29,10:25,12:25,HL04 WEN,2
43200779,800134,50519,NO,2022-11-17,02:51,04:51,YV74 JMZ,2
43200780,800142,50287,YES,2022-01-19,07:03,09:03,RK27 OXN,2
43200781,800038,50305,YES,2021-05-21,05:05,08:05,EU80 YDO,3
43200782,800279,50537,NO,2021-01-27,09:45,10:45,IK20 ICU,1
43200783,800208,50270,NO,2022-05-31,02:44,07:44,AB28 AQF,5
43200784,800370,50117,YES,2021-05-21,07:09,12:09,XJ73 XOE,5
43200785,800024,50524,NO,2022-04-28,10:13,16:13,AX37 AMK,6
43200786,800073,50499,NO,2021-10-05,01:47,03:47,NV37 XKU,2
43200787,800298,50216,YES,2022-06-23,09:15,15:15,TG34 DIZ,6
43200788,800318,50126,YES,2021-02-03,05:09,10:09,GS50 JQG,5
43200789,800401,50282,NO,2021-06-05,10:27,12:27,ZO85 PPX,2
43200790,800456,50362,NO,2021-09-17,01:05,02:05,RQ09 MAZ,1
43200791,800374,50448,YES,2021-02-08,03:40,06:40,GT80 NLH,3
43200792,800114,50053,YES,2022-06-09,06:06,07:06,JK73 AXD,1
43200793,800088,50469,NO,2021-04-16,04:04,05:04,OM31 FAS,1
43200794,800492,50262,NO,2022-09-20,02:41,06:41,OI20 ONS,4
43200795,800371,50599,NO,2022-07-18,08:43,09:43,DA65 CQN,1
43200796,800185,50421,YES,2021-05-21,01:56,04:56,XL70 FYN,3
43200797,800191,50235,YES,2022-03-12,10:20,14:20,LO54 KJV,4
43200798,800227,50379,NO,2021-12-22,10:47,15:47,KH98 EWF,5
43200799,800296,50317,NO,2022-01-02,07:47,08:47,WS11 PVR,1
43200800,800358,50345,NO,2021-09-25,08:06,12:06,SQ41 NNE,4
43200801,800264,50294,YES,2022-03-16,06:01,07:01,AV29 NPO,1
43200802,800417,50540,NO,2021-11-26,05:31,06:31,YJ22 CJK,1
43200803,800092,50236,NO,2023-01-07,04:58,08:58,XT65 YER,4
43200804,800415,50031,YES,2022-08-10,01:04,03:04,CY53 MUM,2
43200805,800310,50119,NO,2022-01-23,04:53,09:53,GA88 WVZ,5
43200806,800121,50095,YES,2022-02-21,08:38,11:38,KJ00 VQF,3
43200807,800200,50282,YES,2022-12-30,06:38,08:38,UM09 RTN,2
43200808,800483,50081,NO,2022-02-18,09:22,14:22,WQ65 SYD,5
43200809,800184,50535,NO,2022-09-19,07:59,09:59,BL53 VYZ,2
43200810,800445,50595,NO,2021-02-12,02:27,06:27,FZ77 QHN,4
43200811,800106,50568,NO,2022-06-14,02:02,06:02,LF60 DMW,4
43200812,800057,50404,NO,2023-01-16,08:03,09:03,VT55 ROX,1
43200813,800244,50574,YES,2022-04-27,10:15,11:15,BC46 UDT,1
43200814,800103,50255,NO,2021-02-05,02:56,03:56,PD95 FHL,1
43200815,800074,50488,NO,2021-07-19,05:52,07:52,SG82 MNA,2
43200816,800451,50286,NO,2021-01-27,06:38,07:38,VL29 JBQ,1
43200817,800248,50440,YES,2022-01-02,01:00,04:00,OZ25 WHE,3
43200818,800313,50278,NO,2022-04-05,09:06,15:06,YP72 NZW,6
43200819,800375,50239,NO,2021-10-28,05:02,10:02,WO93 NSX,5
43200820,800239,50296,YES,2022-07-10,02:03,08:03,EP79 VJW,6
43200821,800496,50305,NO,2021-09-04,01:03,03:03,QX11 JNG,2
43200822,800284,50272,YES,2021-04-18,10:35,12:35,QA95 YJN,2
43200823,800324,50268,NO,2022-01-07,09:23,13:23,CY14 MQB,4
43200824,800312,50068,NO,2021-03-27,02:29,06:29,QI86 OSW,4
43200825,800253,50102,YES,2023-01-09,02:01,05:01,LS84 BYT,3
43200826,800096,50009,NO,2022-07-28,08:46,11:46,AE38 ZLP,3
43200827,800290,50096,NO,2021-07-06,02:31,07:31,LA01 DQP,5
43200828,800143,50513,YES,2021-03-14,08:31,13:31,DI20 JAK,5
43200829,800227,50211,NO,2021-02-20,09:39,14:39,LR45 HKR,5
43200830,800301,50401,YES,2022-09-01,03:31,07:31,KQ91 CNI,4
43200831,800038,50123,NO,2021-04-04,04:13,09:13,CH42 AIL,5
43200832,800004,50335,NO,2021-03-25,02:45,08:45,XA91 YBC,6
43200833,800298,50063,YES,2022-04-08,07:20,13:20,SV07 NZW,6
43200834,800122,50478,YES,2021-02-24,03:04,05:04,JI35 TNO,2
43200835,800465,50463,NO,2022-04-12,07:10,10:10,NR44 YIW,3
43200836,800390,50507,NO,2021-11-01,08:51,13:51,NW98 JPL,5
43200837,800199,50472,YES,2022-08-01,04:06,06:06,VG09 MPU,2
43200838,800175,50154,NO,2022-09-07,01:13,05:13,WR21 CSQ,4
43200839,800487,50492,YES,2021-06-07,08:14,11:14,RB63 TCC,3
43200840,800392,50531,NO,2021-03-20,02:46,08:46,JX53 STF,6
43200841,800136,50589,NO,2021-04-02,05:54,09:54,UJ17 HCH,4
43200842,800421,50506,YES,2022-01-12,08:08,13:08,HI84 SCM,5
43200843,800255,50322,YES,2022-11-10,07:20,10:20,TY00 YSA,3
43200844,800185,50207,NO,2022-06-08,03:33,04:33,FU54 WLI,1
43200845,800372,50515,YES,2021-05-06,08:04,13:04,GY32 KWT,5
43200846,800433,50557,NO,2022-01-01,10:27,14:27,PB73 XVW,4
43200847,800125,50547,NO,2021-07-19,09:42,15:42,PS13 RHP,6
43200848,800094,50058,NO,2022-10-31,06:27,08:27,YD20 NUO,2
43200849,800366,50158,YES,2022-05-30,09:18,15:18,GA27 VOY,6
43200850,800308,50203,NO,2022-07-27,03:27,08:27,QH08 NBR,5
43200851,800112,50293,NO,2021-08-11,06:28,09:28,ZN16 CRA,3
43200852,800162,50114,NO,2021-01-17,02:32,04:32,LI27 WMJ,2
43200853,800467,50306,YES,2021-09-21,05:19,10:19,YG72 NVO,5
43200854,800396,50144,NO,2021-03-17,03:23,09:23,QL60 UZL,6
43200855,800473,50132,NO,2021-06-14,02:07,05:07,PC07 BGR,3
43200856,800026,50118,YES,2021-02-22,07:05,09:05,LY68 HWU,2
43200857,800273,50442,NO,2022-04-19,03:04,04:04,FY56 AQH,1
43200858,800318,50328,YES,2021-05-03,04:56,08:56,MH82 PAY,4
43200859,800343,50003,NO,2021-10-31,05:01,09:01,JX49 XWE,4
43200860,800018,50483,YES,2021-05-20,03:49,08:49,GH90 IHJ,5
43200861,800208,50175,YES,2021-12-02,04:49,10:49,JG54 IPM,6
43200862,800007,50092,YES,2022-09-05,04:07,08:07,YT35 LHD,4
43200863,800234,50366,NO,2022-02-20,08:58,14:58,CU36 KKE,6
43200864,800087,50042,NO,2021-05-19,10:56,16:56,MK39 PKW,6
43200865,800475,50108,NO,2021-04-14,04:36,08:36,HE96 LBF,4
43200866,800153,50419,YES,2021-03-17,02:55,04:55,QI21 NZO,2
43200867,800139,50348,NO,2021-07-14,02:09,08:09,AF35 ARH,6
43200868,800105,50459,NO,2021-12-09,10:51,15:51,BO79 GVB,5
43200869,800126,50351,NO,2021-07-12,01:54,03:54,ZJ69 BSO,2
43200870,800216,50018,YES,2021-02-22,05:38,11:38,KH11 LIW,6
43200871,800079,50012,YES,2022-08-19,03:42,07:42,CG36 CXS,4
43200872,800048,50231,YES,2022-02-15,01:18,03:18,RS68 DWD,2
43200873,800089,50111,NO,2023-01-10,08:29,11:29,WM74 BZS,3
43200874,800380,50195,NO,2022-12-17,07:45,09:45,RC22 HFC,2
43200875,800052,50261,YES,2022-04-11,08:26,11:26,DQ60 XUU,3
43200876,800292,50597,YES,2023-02-27,04:44,07:44,AO37 VDI,3
43200877,800157,50133,YES,2021-12-24,03:12,04:12,BN48 LGV,1
43200878,800487,50142,NO,2021-01-26,09:50,13:50,IB40 JFL,4
43200879,800075,50237,NO,2023-02-26,02:59,05:59,ZJ55 IPK,3
43200880,800338,50078,YES,2022-08-17,09:40,10:40,GB70 ZEK,1
43200881,800138,50249,YES,2021-09-20,10:16,15:16,UC45 NRU,5
43200882,800098,50140,NO,2021-11-06,02:13,03:13,NK04 GFE,1
43200883,800070,50396,YES,2022-10-24,08:50,11:50,EJ14 TYY,3
43200884,800351,50563,YES,2021-07-21,09:36,14:36,MM59 VBW,5
43200885,800134,50517,NO,2022-08-13,09:40,15:40,BN13 PXA,6
43200886,800394,50022,NO,2022-02-10,01:47,04:47,ZQ17 XXT,3
43200887,800445,50015,YES,2022-10-24,02:01,07:01,TH34 KYR,5
43200888,800226,50581,NO,2022-10-04,02:42,06:42,JR02 YRN,4
43200889,800008,50331,NO,2021-12-17,01:15,06:15,OY71 KGD,5
43200890,800422,50234,NO,2022-09-06,03:04,09:04,YI59 ZTL,6
43200891,800210,50250,YES,2022-05-13,01:51,02:51,FT86 BIS,1
43200892,800450,50479,YES,2022-08-15,08:52,14:52,BF83 FPL,6
43200893,800303,50085,NO,2022-12-14,04:14,07:14,DS72 SJF,3
43200894,800466,50474,YES,2021-06-30,05:40,06:40,JG94 LGM,1
43200895,800355,50141,YES,2021-07-01,02:16,08:16,NR04 CKH,6
43200896,800233,50461,YES,2022-11-22,08:01,09:01,YU45 VJX,1
43200897,800125,50205,NO,2022-07-06,01:40,04:40,BA44 MGA,3
43200898,800490,50023,YES,2021-07-24,04:15,09:15,SK41 OVV,5
43200899,800056,50397,YES,2021-01-05,01:50,02:50,WJ44 UOV,1
43200900,800304,50084,NO,2021-06-10,08:59,13:59,EO11 RZP,5
43200901,800161,50119,NO,2021-08-20,06:00,08:00,KQ07 XUS,2
43200902,800010,50135,NO,2021-09-18,07:32,12:32,GC78 GXC,5
43200903,800057,50044,YES,2022-09-19,07:24,09:24,PE77 YPY,2
43200904,800440,50147,YES,2022-09-19,09:50,12:50,AG93 NKZ,3
43200905,800380,50383,YES,2022-03-04,06:50,09:50,XM20 QZJ,3
43200906,800237,50558,YES,2022-05-31,10:57,13:57,AF83 USD,3
43200907,800386,50506,YES,2022-08-13,04:42,10:42,YN71 QDS,6
43200908,800248,50376,YES,2021-04-15,03:48,05:48,OS70 MTZ,2
43200909,800085,50575,YES,2022-11-28,10:49,11:49,PM08 ECT,1
43200910,800111,50319,YES,2022-08-07,06:19,12:19,WA54 TDE,6
43200911,800285,50518,NO,2022-03-22,10:27,12:27,TK08 HCW,2
43200912,800016,50073,NO,2022-11-15,04:35,10:35,SJ61 QPJ,6
43200913,800035,50059,YES,2022-12-20,05:32,11:32,TF92 KLN,6
43200914,800175,50463,YES,2021-08-30,01:53,03:53,UH62 CGZ,2
43200915,800214,50583,YES,2022-12-24,08:19,10:19,GV95 JSX,2
43200916,800152,50355,YES,2022-03-09,08:10,13:10,CO94 MJX,5
43200917,800430,50300,YES,2022-08-19,06:47,09:47,TM55 QZO,3
43200918,800419,50361,YES,2021-05-12,07:59,09:59,HK91 JUD,2
43200919,800149,50562,YES,2022-01-11,07:27,09:27,QM99 BOZ,2
43200920,800019,50358,NO,2022-06-20,10:43,15:43,PN30 WJI,5
43200921,800075,50276,YES,2022-05-24,09:09,11:09,AA95 WSZ,2
43200922,800362,50187,YES,2021-04-24,01:28,05:28,KI62 JJU,4
43200923,800170,50480,YES,2021-04-29,08:55,14:55,AA00 OSE,6
43200924,800225,50393,NO,2021-12-17,04:02,05:02,TU16 PXP,1
43200925,800471,50124,NO,2021-03-07,04:39,06:39,NP27 MGB,2
43200926,800375,50244,YES,2023-02-18,02:41,05:41,YZ64 MCQ,3
43200927,800022,50527,NO,2022-11-10,06:06,11:06,GH27 OGD,5
43200928,800086,50256,YES,2022-12-30,09:17,14:17,JT32 JNK,5
43200929,800059,50007,NO,2022-01-23,03:39,04:39,LE38 QDK,1
43200930,800067,50551,NO,2022-02-16,10:00,14:00,LW85 HSP,4
43200931,800049,50132,YES,2021-06-09,10:53,11:53,QM46 BMD,1
43200932,800484,50421,YES,2022-08-13,07:43,11:43,YA40 BSO,4
43200933,800381,50403,NO,2021-07-22,02:31,07:31,IH17 SPB,5
43200934,800413,50060,NO,2021-03-22,05:37,11:37,VY16 UGE,6
43200935,800269,50216,NO,2021-01-27,07:13,12:13,ZY57 GCB,5
43200936,800365,50514,YES,2022-12-17,03:07,06:07,QR50 QNI,3
43200937,800445,50508,NO,2022-01-09,08:31,10:31,ZJ98 BUX,2
43200938,800368,50461,NO,2021-01-11,08:13,09:13,IS02 VDX,1
43200939,800463,50158,YES,2021-05-15,06:59,07:59,BI05 URB,1
43200940,800156,50326,NO,2021-02-22,05:29,10:29,QG26 ILR,5
43200941,800473,50363,YES,2022-11-13,10:15,16:15,PJ39 QKZ,6
43200942,800258,50061,YES,2022-03-20,08:04,09:04,CQ58 NNV,1
43200943,800029,50152,YES,2021-10-01,07:37,11:37,BI81 KRV,4
43200944,800402,50190,YES,2022-05-13,02:12,08:12,ES38 UDO,6
43200945,800168,50312,NO,2022-04-17,09:25,11:25,TZ87 VCK,2
43200946,800344,50543,YES,2023-03-01,10:29,15:29,EC66 AOB,5
43200947,800478,50511,YES,2022-02-03,04:49,10:49,HM95 QAX,6
43200948,800009,50432,YES,2021-08-14,05:15,06:15,XN17 VPR,1
43200949,800454,50484,NO,2021-03-14,08:56,10:56,MY31 VMB,2
43200950,800285,50077,NO,2021-10-12,10:10,12:10,LK01 YJV,2
43200951,800262,50501,NO,2022-12-07,01:01,06:01,QE38 VEK,5
43200952,800082,50432,NO,2022-04-09,10:23,11:23,RI13 IEX,1
43200953,800435,50179,YES,2021-12-14,05:25,08:25,JD51 WAI,3
43200954,800433,50553,NO,2021-10-13,08:39,14:39,QO77 KMG,6
43200955,800344,50246,YES,2021-08-26,06:33,07:33,AS30 QVM,1
43200956,800466,50298,YES,2021-12-06,04:25,10:25,FN78 SNU,6
43200957,800196,50446,YES,2021-05-04,08:51,10:51,PK44 RHM,2
43200958,800139,50210,YES,2021-12-31,03:05,09:05,DB97 GGV,6
43200959,800181,50578,YES,2022-06-19,09:40,15:40,OF52 ROR,6
43200960,800037,50169,NO,2023-03-09,03:53,06:53,VQ02 CMZ,3
43200961,800376,50477,NO,2022-03-06,01:16,03:16,NO22 DCL,2
43200962,800178,50549,NO,2022-06-10,06:13,08:13,QH86 MOE,2
43200963,800068,50096,NO,2021-01-17,01:58,03:58,BG10 EYM,2
43200964,800387,50171,YES,2021-07-11,04:30,09:30,EF43 VFP,5
43200965,800396,50336,NO,2021-07-22,08:48,09:48,LP07 DXM,1
43200966,800225,50403,NO,2021-12-18,05:07,08:07,WF21 VCY,3
43200967,800133,50330,NO,2022-07-01,03:58,06:58,NP70 KIB,3
43200968,800430,50020,NO,2023-01-09,10:06,16:06,LL39 TFR,6
43200969,800407,50572,NO,2022-11-20,09:38,12:38,XP86 BGQ,3
43200970,800295,50291,NO,2021-04-07,06:20,07:20,VK86 AAY,1
43200971,800269,50051,NO,2021-12-03,02:05,03:05,DE30 BHY,1
43200972,800389,50049,YES,2021-11-15,09:13,11:13,VC64 ZKJ,2
43200973,800291,50037,YES,2023-01-01,04:14,08:14,KJ68 PKC,4
43200974,800128,50288,YES,2021-06-15,02:49,06:49,TW53 SKN,4
43200975,800020,50166,YES,2021-05-29,10:21,12:21,SR26 CST,2
43200976,800338,50414,NO,2021-06-24,05:39,08:39,HQ46 HYU,3
43200977,800029,50454,YES,2023-02-23,08:49,10:49,WN83 YDT,2
43200978,800330,50062,NO,2022-02-04,05:34,10:34,LC08 QAR,5
43200979,800174,50172,YES,2021-04-14,09:58,15:58,LB59 FCE,6
43200980,800308,50073,NO,2022-08-15,06:02,07:02,PT86 ONN,1
43200981,800239,50091,NO,2021-08-21,02:28,06:28,FK74 CAQ,4
43200982,800206,50585,YES,2021-05-08,10:01,11:01,RB77 LUC,1
43200983,800052,50534,YES,2023-02-22,08:12,10:12,KT16 OPI,2
43200984,800173,50566,NO,2023-01-25,02:09,04:09,XD58 JKN,2
43200985,800131,50149,YES,2021-04-17,05:38,07:38,KS48 HON,2
43200986,800412,50416,YES,2022-04-26,09:29,13:29,ZY04 WHE,4
43200987,800429,50289,NO,2022-07-11,01:11,02:11,ZS87 QKY,1
43200988,800391,50266,YES,2022-04-25,02:48,05:48,PA14 AMT,3
43200989,800072,50576,YES,2023-02-20,05:55,10:55,LD08 OSC,5
43200990,800499,50106,YES,2021-08-22,06:07,07:07,AA36 XIR,1
43200991,800200,50464,NO,2022-10-21,09:39,10:39,MN51 CPA,1
43200992,800464,50461,NO,2023-02-20,08:21,11:21,VL51 KLK,3
43200993,800275,50345,NO,2021-11-17,01:52,02:52,LD09 NEE,1
43200994,800299,50535,NO,2022-11-06,01:03,05:03,OV77 WVF,4
43200995,800314,50212,NO,2022-11-21,05:17,09:17,WO60 GRC,4
43200996,800127,50216,NO,2021-10-06,05:54,11:54,LM82 BKT,6
43200997,800220,50118,YES,2022-02-08,10:29,14:29,FW93 KCP,4
43200998,800226,50363,YES,2022-08-19,01:46,07:46,AN90 EBH,6
43200999,800459,50045,YES,2022-05-18,07:58,11:58,NM82 XIK,4
